combined_index_a,combined_index_b,mean_absolute_pixel_difference,root_mean_squared_pixel_difference
567,47750,0.8303571428571429,1.6494433198222127
753,21295,0.48341836734693877,1.9394534260550664
753,29413,0.274234693877551,0.7865255551980443
753,43549,0.26785714285714285,1.008889063701824
3350,53657,1.906887755102041,3.3977408460832996
5453,31038,0.36096938775510207,1.7832125332599897
10205,23412,0.6747448979591837,1.143415042398723
11932,51488,0.6530612244897959,1.6075396335609855
12981,50759,1.0739795918367347,2.7390784984020016
13360,64998,0.3022959183673469,0.7431661445244575
13618,29645,1.3813775510204083,2.761109286101497
18494,62115,1.4285714285714286,3.5642785571070426
18494,64926,1.906887755102041,4.5796522013919665
19456,66210,1.8928571428571428,3.3960511281937618
20554,36357,0.20153061224489796,0.6700593942604899
21295,29413,0.39540816326530615,1.591591425368371
21295,43549,0.3278061224489796,1.1753201908503097
24633,51970,1.3609693877551021,3.4037419384661742
29413,43549,0.23341836734693877,0.7345344214715405
31061,51503,0.7895408163265306,2.990844874149191
31061,56201,0.44005102040816324,1.736096371819519
31836,32754,0.6160714285714286,1.14564392373896
34772,49602,1.7576530612244898,3.8465462908103603
45497,59812,0.49107142857142855,1.541517275350517
51503,56201,0.5688775510204082,2.0228288940723282
56004,58762,1.010204081632653,5.724321544327951
56004,69867,0.9119897959183674,5.240029404809223
58762,69867,0.27933673469387754,2.3471106858068223
59025,62115,1.8456632653061225,4.212015126821297
59025,64926,1.9923469387755102,4.745029622926392
62115,64926,0.6313775510204082,1.484185339655725
