best_epoch,checkpoint_bytes,checkpoint_sha256,completed_utc,condition,epochs_run,evaluated_utc,fit_seconds_including_early_stopping_validation,learning_rate,model,parameters,protocol_sha256,seed,source_sha256,stored_coefficients,tensor_bytes,test_accuracy,test_inference_seconds,test_macro_f1,test_sha256,validation_accuracy,validation_loss,validation_macro_f1
0,32859,d5cf6c32c790f7c471f556793edc2592396c359c3b2bf44ba4a7cff841603c9a,2026-09-22T11:54:15.748070+00:00,original,0,2026-09-22T11:56:58.636999+00:00,0.04135129228234291,,centroid,0,c6cdc62cae9bcb4ac988b5b9b47a0d3ffdd43a3b3dbd849b3b7df5c1eaa96448,42,d04e1503f800e98419ef8d85c452c2bcedc705e5df12693f7180ba33d8a3d973,7840,31360,0.6769,0.0018541812896728516,0.6726992641974859,1d11fe7236c4185fd1548a76f6bf8c102c3f310bc437ab4ef3243b5f6d17ac04,0.6832277425808603,5.659605285095032,0.678925485878654
0,32859,d5cf6c32c790f7c471f556793edc2592396c359c3b2bf44ba4a7cff841603c9a,2026-09-22T11:55:10.164063+00:00,original,0,2026-09-22T11:56:58.657956+00:00,0.001390162855386734,,centroid,0,c6cdc62cae9bcb4ac988b5b9b47a0d3ffdd43a3b3dbd849b3b7df5c1eaa96448,43,d04e1503f800e98419ef8d85c452c2bcedc705e5df12693f7180ba33d8a3d973,7840,31360,0.6769,0.0019406117498874664,0.6726992641974859,1d11fe7236c4185fd1548a76f6bf8c102c3f310bc437ab4ef3243b5f6d17ac04,0.6832277425808603,5.659605285095032,0.678925485878654
0,32859,d5cf6c32c790f7c471f556793edc2592396c359c3b2bf44ba4a7cff841603c9a,2026-09-22T11:56:07.049276+00:00,original,0,2026-09-22T11:56:58.678620+00:00,0.0013414323329925537,,centroid,0,c6cdc62cae9bcb4ac988b5b9b47a0d3ffdd43a3b3dbd849b3b7df5c1eaa96448,44,d04e1503f800e98419ef8d85c452c2bcedc705e5df12693f7180ba33d8a3d973,7840,31360,0.6769,0.0018360055983066559,0.6726992641974859,1d11fe7236c4185fd1548a76f6bf8c102c3f310bc437ab4ef3243b5f6d17ac04,0.6832277425808603,5.659605285095032,0.678925485878654
0,32859,646d6043842dce3bb4a1bb52297d2a297214c71c41ad4e67fea8093311552b3a,2026-09-22T11:54:46.440568+00:00,permuted,0,2026-09-22T11:56:58.720216+00:00,0.0013896040618419647,,centroid,0,c6cdc62cae9bcb4ac988b5b9b47a0d3ffdd43a3b3dbd849b3b7df5c1eaa96448,42,d04e1503f800e98419ef8d85c452c2bcedc705e5df12693f7180ba33d8a3d973,7840,31360,0.6769,0.0019145049154758453,0.6726992641974859,1d11fe7236c4185fd1548a76f6bf8c102c3f310bc437ab4ef3243b5f6d17ac04,0.6832277425808603,5.659606913241914,0.678925485878654
0,32859,646d6043842dce3bb4a1bb52297d2a297214c71c41ad4e67fea8093311552b3a,2026-09-22T11:55:39.215361+00:00,permuted,0,2026-09-22T11:56:58.761479+00:00,0.001384500414133072,,centroid,0,c6cdc62cae9bcb4ac988b5b9b47a0d3ffdd43a3b3dbd849b3b7df5c1eaa96448,43,d04e1503f800e98419ef8d85c452c2bcedc705e5df12693f7180ba33d8a3d973,7840,31360,0.6769,0.001851927489042282,0.6726992641974859,1d11fe7236c4185fd1548a76f6bf8c102c3f310bc437ab4ef3243b5f6d17ac04,0.6832277425808603,5.659606913241914,0.678925485878654
0,32859,646d6043842dce3bb4a1bb52297d2a297214c71c41ad4e67fea8093311552b3a,2026-09-22T11:56:35.952307+00:00,permuted,0,2026-09-22T11:56:58.802885+00:00,0.0013904385268688202,,centroid,0,c6cdc62cae9bcb4ac988b5b9b47a0d3ffdd43a3b3dbd849b3b7df5c1eaa96448,44,d04e1503f800e98419ef8d85c452c2bcedc705e5df12693f7180ba33d8a3d973,7840,31360,0.6769,0.0018431954085826874,0.6726992641974859,1d11fe7236c4185fd1548a76f6bf8c102c3f310bc437ab4ef3243b5f6d17ac04,0.6832277425808603,5.659606913241914,0.678925485878654
29,426353,44aaabd8843cb594fd4a33e5dd6b7e0caf6099995b1a763edd5f61002d3b2b3f,2026-09-22T11:54:46.197964+00:00,original,37,2026-09-22T11:56:58.832437+00:00,18.417721569538116,0.001,cnn,105866,c6cdc62cae9bcb4ac988b5b9b47a0d3ffdd43a3b3dbd849b3b7df5c1eaa96448,42,d04e1503f800e98419ef8d85c452c2bcedc705e5df12693f7180ba33d8a3d973,105866,423464,0.9153,0.008169151842594147,0.9144728328885481,1d11fe7236c4185fd1548a76f6bf8c102c3f310bc437ab4ef3243b5f6d17ac04,0.9273091030343448,0.20653201183027806,0.9266481045709783
31,426353,28841b3b12254cf9041b08896907b816c25e209d98ce0565318eb137f3a1f47e,2026-09-22T11:55:38.962404+00:00,original,39,2026-09-22T11:56:58.860724+00:00,19.408421348780394,0.001,cnn,105866,c6cdc62cae9bcb4ac988b5b9b47a0d3ffdd43a3b3dbd849b3b7df5c1eaa96448,43,d04e1503f800e98419ef8d85c452c2bcedc705e5df12693f7180ba33d8a3d973,105866,423464,0.9089,0.006562329828739166,0.9084106205426359,1d11fe7236c4185fd1548a76f6bf8c102c3f310bc437ab4ef3243b5f6d17ac04,0.9196398799599866,0.22135738310475236,0.9190087642029614
31,426353,bcba93c55459cdfb2d1e306a6208779bd51d81d1039dfff260dcde4c2f797ff5,2026-09-22T11:56:35.701960+00:00,original,39,2026-09-22T11:56:58.888221+00:00,19.358778178691864,0.001,cnn,105866,c6cdc62cae9bcb4ac988b5b9b47a0d3ffdd43a3b3dbd849b3b7df5c1eaa96448,44,d04e1503f800e98419ef8d85c452c2bcedc705e5df12693f7180ba33d8a3d973,105866,423464,0.9142,0.006576552987098694,0.914179866374487,1d11fe7236c4185fd1548a76f6bf8c102c3f310bc437ab4ef3243b5f6d17ac04,0.9251417139046348,0.20819180327361725,0.9248138660307971
21,426353,cbf5d8200dbfb771195354c4c835f3a51e092b1a608c869ee59315518d5bf311,2026-09-22T11:55:10.093555+00:00,permuted,29,2026-09-22T11:56:58.936640+00:00,14.459688294678926,0.001,cnn,105866,c6cdc62cae9bcb4ac988b5b9b47a0d3ffdd43a3b3dbd849b3b7df5c1eaa96448,42,d04e1503f800e98419ef8d85c452c2bcedc705e5df12693f7180ba33d8a3d973,105866,423464,0.8713,0.006624683737754822,0.8709265784771436,1d11fe7236c4185fd1548a76f6bf8c102c3f310bc437ab4ef3243b5f6d17ac04,0.8906302100700233,0.3060233181975372,0.8903826676228063
23,426353,f2990644e74cfa0a1a4fb3b788f8b9d1106d1a56fbec5ce4ad04f328ee31dd60,2026-09-22T11:56:06.980232+00:00,permuted,31,2026-09-22T11:56:58.985623+00:00,15.435257203876972,0.001,cnn,105866,c6cdc62cae9bcb4ac988b5b9b47a0d3ffdd43a3b3dbd849b3b7df5c1eaa96448,43,d04e1503f800e98419ef8d85c452c2bcedc705e5df12693f7180ba33d8a3d973,105866,423464,0.8719,0.006608646363019943,0.8727153071586459,1d11fe7236c4185fd1548a76f6bf8c102c3f310bc437ab4ef3243b5f6d17ac04,0.8864621540513504,0.30706160781621217,0.887344226875784
21,426353,e1d92b594ea7405cad1c43ea923a23dd2f12b54c70815df430e8a9cba6aa2839,2026-09-22T11:56:58.303486+00:00,permuted,29,2026-09-22T11:56:59.033333+00:00,14.329738326370716,0.001,cnn,105866,c6cdc62cae9bcb4ac988b5b9b47a0d3ffdd43a3b3dbd849b3b7df5c1eaa96448,44,d04e1503f800e98419ef8d85c452c2bcedc705e5df12693f7180ba33d8a3d973,105866,423464,0.8787,0.006621800363063812,0.8775530823963859,1d11fe7236c4185fd1548a76f6bf8c102c3f310bc437ab4ef3243b5f6d17ac04,0.8922974324774925,0.2868825079958293,0.8914882780677967
12,33109,e1e03d3eef4b6c100fbc628b6bc5a6c1cd3eb2d4de7cccf4bda35f661278e35d,2026-09-22T11:54:18.678880+00:00,original,20,2026-09-22T11:56:59.055468+00:00,2.86038875952363,0.003,logistic,7850,c6cdc62cae9bcb4ac988b5b9b47a0d3ffdd43a3b3dbd849b3b7df5c1eaa96448,42,d04e1503f800e98419ef8d85c452c2bcedc705e5df12693f7180ba33d8a3d973,7850,31400,0.8441,0.0015255548059940338,0.8425350172928503,1d11fe7236c4185fd1548a76f6bf8c102c3f310bc437ab4ef3243b5f6d17ac04,0.8602867622540847,0.40664395049000707,0.8589908559662552
22,33109,859fb1a34ebd00bfa79f9258497b4eef35fd502f324eff98881dcb9ce9229418,2026-09-22T11:55:14.535099+00:00,original,30,2026-09-22T11:56:59.075044+00:00,4.300270762294531,0.003,logistic,7850,c6cdc62cae9bcb4ac988b5b9b47a0d3ffdd43a3b3dbd849b3b7df5c1eaa96448,43,d04e1503f800e98419ef8d85c452c2bcedc705e5df12693f7180ba33d8a3d973,7850,31400,0.8438,0.0015405043959617615,0.8432287409634439,1d11fe7236c4185fd1548a76f6bf8c102c3f310bc437ab4ef3243b5f6d17ac04,0.8582860953651217,0.40785134351424435,0.8574090418924966
9,33109,6d10745208204c08cebb494a08cb6b9b2d32328137ab76914ff339b1b74bdb49,2026-09-22T11:56:09.545815+00:00,original,17,2026-09-22T11:56:59.094791+00:00,2.4285406842827797,0.003,logistic,7850,c6cdc62cae9bcb4ac988b5b9b47a0d3ffdd43a3b3dbd849b3b7df5c1eaa96448,44,d04e1503f800e98419ef8d85c452c2bcedc705e5df12693f7180ba33d8a3d973,7850,31400,0.843,0.0015175491571426392,0.8424647043493951,1d11fe7236c4185fd1548a76f6bf8c102c3f310bc437ab4ef3243b5f6d17ac04,0.8579526508836278,0.40863026933456986,0.8574551189229492
12,33109,9b34711be8a7bbb90ee91b74a73a6399a49d370f3ca152ba0b85fc1cd6c943fc,2026-09-22T11:54:49.530191+00:00,permuted,20,2026-09-22T11:56:59.134592+00:00,2.8482972644269466,0.003,logistic,7850,c6cdc62cae9bcb4ac988b5b9b47a0d3ffdd43a3b3dbd849b3b7df5c1eaa96448,42,d04e1503f800e98419ef8d85c452c2bcedc705e5df12693f7180ba33d8a3d973,7850,31400,0.8441,0.0014557503163814545,0.8425350172928503,1d11fe7236c4185fd1548a76f6bf8c102c3f310bc437ab4ef3243b5f6d17ac04,0.8602867622540847,0.40664395049000707,0.8589908559662552
22,33109,470d33514c6234ea8073a1ae69ee3041615f3861d6a8e2bb145ba9f8864c811c,2026-09-22T11:55:43.746469+00:00,permuted,30,2026-09-22T11:56:59.175894+00:00,4.276784565299749,0.003,logistic,7850,c6cdc62cae9bcb4ac988b5b9b47a0d3ffdd43a3b3dbd849b3b7df5c1eaa96448,43,d04e1503f800e98419ef8d85c452c2bcedc705e5df12693f7180ba33d8a3d973,7850,31400,0.8438,0.0015733875334262848,0.8432287409634439,1d11fe7236c4185fd1548a76f6bf8c102c3f310bc437ab4ef3243b5f6d17ac04,0.8582860953651217,0.4078513282503673,0.8574090418924966
9,33109,25e4c3aeb4b6c410a9c646d45981139e10a0dad2515d418039a1b2ea377f08dc,2026-09-22T11:56:38.628365+00:00,permuted,17,2026-09-22T11:56:59.216762+00:00,2.4297460094094276,0.003,logistic,7850,c6cdc62cae9bcb4ac988b5b9b47a0d3ffdd43a3b3dbd849b3b7df5c1eaa96448,44,d04e1503f800e98419ef8d85c452c2bcedc705e5df12693f7180ba33d8a3d973,7850,31400,0.843,0.001456819474697113,0.8424647043493951,1d11fe7236c4185fd1548a76f6bf8c102c3f310bc437ab4ef3243b5f6d17ac04,0.8579526508836278,0.40863025915865187,0.8574551189229492
23,475581,3067e2019711fd156ecbd7b1714659100688e47e2c2ecdd7ef7fc508da41a645,2026-09-22T11:54:27.642173+00:00,original,31,2026-09-22T11:56:59.242670+00:00,8.874232426285744,0.003,mlp,118282,c6cdc62cae9bcb4ac988b5b9b47a0d3ffdd43a3b3dbd849b3b7df5c1eaa96448,42,d04e1503f800e98419ef8d85c452c2bcedc705e5df12693f7180ba33d8a3d973,118282,473128,0.8844,0.003280315548181534,0.8839971653835924,1d11fe7236c4185fd1548a76f6bf8c102c3f310bc437ab4ef3243b5f6d17ac04,0.8957985995331778,0.2952480640519496,0.8950351002028251
9,475581,49eef5fe2d7e6251ba5d21fbbff50cdcff6b4bc0661c83ea57b22f8a6785b138,2026-09-22T11:55:19.459162+00:00,original,17,2026-09-22T11:56:59.268104+00:00,4.848547734320164,0.003,mlp,118282,c6cdc62cae9bcb4ac988b5b9b47a0d3ffdd43a3b3dbd849b3b7df5c1eaa96448,43,d04e1503f800e98419ef8d85c452c2bcedc705e5df12693f7180ba33d8a3d973,118282,473128,0.881,0.0033003129065036774,0.8805684304552637,1d11fe7236c4185fd1548a76f6bf8c102c3f310bc437ab4ef3243b5f6d17ac04,0.8909636545515172,0.29450843253903647,0.8903086237490351
15,475581,b14bb3465ca5e1d0fb48c15a29af1d589170d8716177aa8ba50f6aa79be3c3b5,2026-09-22T11:56:16.264590+00:00,original,23,2026-09-22T11:56:59.292626+00:00,6.595460534095764,0.003,mlp,118282,c6cdc62cae9bcb4ac988b5b9b47a0d3ffdd43a3b3dbd849b3b7df5c1eaa96448,44,d04e1503f800e98419ef8d85c452c2bcedc705e5df12693f7180ba33d8a3d973,118282,473128,0.8822,0.003083091229200363,0.8811773624136702,1d11fe7236c4185fd1548a76f6bf8c102c3f310bc437ab4ef3243b5f6d17ac04,0.8946315438479493,0.2903178317740028,0.8938410006395621
11,475581,521162bd3144c6e70cf072508cd4a74a9363107b8cc1397acf9c538df224b2ab,2026-09-22T11:54:55.344422+00:00,permuted,19,2026-09-22T11:56:59.336471+00:00,5.475750043988228,0.003,mlp,118282,c6cdc62cae9bcb4ac988b5b9b47a0d3ffdd43a3b3dbd849b3b7df5c1eaa96448,42,d04e1503f800e98419ef8d85c452c2bcedc705e5df12693f7180ba33d8a3d973,118282,473128,0.8809,0.003298800438642502,0.8803129606188721,1d11fe7236c4185fd1548a76f6bf8c102c3f310bc437ab4ef3243b5f6d17ac04,0.893464488162721,0.29966781631474815,0.8930004868687215
17,475581,808bca9fc5b1155c1311dfdceba920464c5e550e70a2e750ea8d0951cad2ab4f,2026-09-22T11:55:51.218199+00:00,permuted,25,2026-09-22T11:56:59.386150+00:00,7.177771274000406,0.003,mlp,118282,c6cdc62cae9bcb4ac988b5b9b47a0d3ffdd43a3b3dbd849b3b7df5c1eaa96448,43,d04e1503f800e98419ef8d85c452c2bcedc705e5df12693f7180ba33d8a3d973,118282,473128,0.883,0.003834124654531479,0.8824012685265735,1d11fe7236c4185fd1548a76f6bf8c102c3f310bc437ab4ef3243b5f6d17ac04,0.8959653217739246,0.2930486462202896,0.8950387041584518
9,475581,9831ab13eb87c3ef8be27f5539a948bf04664324d8a443039d8d346b81dff48b,2026-09-22T11:56:43.723141+00:00,permuted,17,2026-09-22T11:56:59.433931+00:00,4.826102323830128,0.003,mlp,118282,c6cdc62cae9bcb4ac988b5b9b47a0d3ffdd43a3b3dbd849b3b7df5c1eaa96448,44,d04e1503f800e98419ef8d85c452c2bcedc705e5df12693f7180ba33d8a3d973,118282,473128,0.8768,0.0038576945662498474,0.8748021746045455,1d11fe7236c4185fd1548a76f6bf8c102c3f310bc437ab4ef3243b5f6d17ac04,0.8926308769589864,0.2986342127063188,0.8908215872963421
