model,condition,seed,selected_epoch,epochs_run,selected_train_loss,last_train_loss,selected_validation_loss,last_validation_loss,selected_validation_accuracy,last_validation_accuracy,reached_epoch_limit
logistic,original,42,12,20,0.398555912133328,0.38788851787416384,0.40664395049000707,0.415132757265117,0.8602867622540847,0.8549516505501834,False
logistic,original,43,22,30,0.3852780577309561,0.38052735972886803,0.40785134351424435,0.4138744235953,0.8582860953651217,0.8552850950316773,False
logistic,original,44,9,17,0.40614060058332097,0.39287039590360245,0.40863026933456986,0.41696532307644213,0.8579526508836278,0.853784594864955,False
logistic,permuted,42,12,20,0.39855591086126757,0.3878885298472119,0.40664395049000707,0.415132747089199,0.8602867622540847,0.8549516505501834,False
logistic,permuted,43,22,30,0.3852780600128249,0.3805273590221678,0.4078513282503673,0.413874428683259,0.8582860953651217,0.8552850950316773,False
logistic,permuted,44,9,17,0.40614060175489747,0.3928703981854713,0.40863025915865187,0.4169653434282782,0.8579526508836278,0.853784594864955,False
mlp,original,42,23,31,0.21635850964535708,0.19928224437317923,0.2952480640519496,0.3213376677723955,0.8957985995331778,0.8922974324774925,False
mlp,original,43,9,17,0.278386897609596,0.24022609220284244,0.29450843253903647,0.30772523030951726,0.8909636545515172,0.8926308769589864,False
mlp,original,44,15,23,0.24633802184819376,0.22194508940291194,0.2903178317740028,0.3224012445473361,0.8946315438479493,0.8907969323107703,False
mlp,permuted,42,11,19,0.2727257345398265,0.23099396073134032,0.29966781631474815,0.3058702265989705,0.893464488162721,0.8931310436812271,False
mlp,permuted,43,17,25,0.23680293656315984,0.20940559764516503,0.2930486462202896,0.2997839438911278,0.8959653217739246,0.8961320440146715,False
mlp,permuted,44,9,17,0.2801343922006273,0.23669523428353628,0.2986342127063188,0.32104154347021924,0.8926308769589864,0.8867955985328443,False
cnn,original,42,29,37,0.15957891342335334,0.1288957864616978,0.20653201183027806,0.25556998715554924,0.9273091030343448,0.9054684894964988,False
cnn,original,43,31,39,0.14519397385461066,0.11567706911588255,0.22135738310475236,0.24418940835096073,0.9196398799599866,0.9166388796265422,False
cnn,original,44,31,39,0.15034655862297874,0.11758387377804994,0.20819180327361725,0.24422519451063765,0.9251417139046348,0.916972324108036,False
cnn,permuted,42,21,29,0.2389732507641361,0.19491771827985618,0.3060233181975372,0.3159327848866289,0.8906302100700233,0.893464488162721,False
cnn,permuted,43,23,31,0.2372985820730821,0.19663559905333736,0.30706160781621217,0.32169954376882137,0.8864621540513504,0.8882960986995665,False
cnn,permuted,44,21,29,0.2228317900394249,0.17451063713732093,0.2868825079958293,0.3058063930652665,0.8922974324774925,0.889296432144048,False
